﻿<?xml version="1.0" encoding="utf-8" ?>

<Advertisements>
 
  <Ad>
    <ImageUrl>images/srimca_logo.jpg</ImageUrl>
    <NavigateUrl>http://www.varanasiworld.com/</NavigateUrl>
    <AlternateText>teesting test</AlternateText>
    <Keyword>S</Keyword>
    <Impressions>Web Site</Impressions>
    <Caption>This is the caption for Ad#2</Caption>
  </Ad>

  <Ad>
    <ImageUrl>images/utulogo.jpg</ImageUrl>
    <NavigateUrl>http://www.varanasiworld.com/</NavigateUrl>
    <AlternateText>www.neostream.net</AlternateText>
    <Keyword>S</Keyword>
    <Impressions>Web Site</Impressions>
    <Caption>This is the caption for Ad#3</Caption>
  </Ad>
</Advertisements>

