﻿<?xml version="1.0" encoding="utf-8" ?>
<Advertisements>
 
  <Ad>
    <ImageUrl>http://localhost:21666/images/01.png</ImageUrl>
    <NavigateUrl>http://www.varanasiworld.com/</NavigateUrl>
    <AlternateText>teesting test</AlternateText>
    <Keyword>S</Keyword>
    <Impressions>Web Site</Impressions>
    <Caption>This is the caption for Ad#2</Caption>
  </Ad>

  <Ad>
    <ImageUrl>http://localhost:21666/images/corporate learner.jpg</ImageUrl>
    <NavigateUrl>http://www.varanasiworld.com/</NavigateUrl>
    <AlternateText>www.neostream.net</AlternateText>
    <Keyword>S</Keyword>
    <Impressions>Web Site</Impressions>
    <Caption>This is the caption for Ad#3</Caption>
  </Ad>
 
  <Ad>
    <ImageUrl>http://localhost:21666/images/elearning.jpg</ImageUrl>
    <NavigateUrl>http://www.varanasiworld.com/</NavigateUrl>
    <AlternateText>teesting test</AlternateText>
    <Keyword>S</Keyword>
    <Impressions>Web Site</Impressions>
    <Caption>This is the caption for Ad#2</Caption>
  </Ad>

  <Ad>
    <ImageUrl>http://localhost:21666/images/elearning.jpg</ImageUrl>
    <NavigateUrl>http://www.varanasiworld.com/</NavigateUrl>
    <AlternateText>www.neostream.net</AlternateText>
    <Keyword>S</Keyword>
    <Impressions>Web Site</Impressions>
    <Caption>This is the caption for Ad#3</Caption>
  </Ad>
</Advertisements>